<?xml version="1.0" encoding="UTF-8"?>
<!-- Generated by JClic - https://projectestac.github.io/jclic -->
<manifest identifier="JClic-7291F6" version="1.0" xmlns="http://www.imsproject.org/xsd/imscp_rootv1p1p2" xmlns:adlcp="http://www.adlnet.org/xsd/adlcp_rootv1p2" xmlns:xsi="http://www.w3.org/2001/XMLSchema-instance" xsi:schemaLocation= "http://www.imsproject.org/xsd/imscp_rootv1p1p2 imscp_rootv1p1p2.xsd http://www.imsglobal.org/xsd/imsmd_rootv1p2p1 imsmd_rootv1p2p1.xsd http://www.adlnet.org/xsd/adlcp_rootv1p2 adlcp_rootv1p2.xsd">
 <metadata> 
  <schema>ADL SCORM</schema>
  <schemaversion>1.2</schemaversion>
 </metadata> 
 <organizations default="JClic">  
  <organization identifier="JClic">  
   <title>ComunicaTics</title>
   <item identifier="ITEM_JClic-7291F6" identifierref="RES_JClic-7291F6">
    <title>ComunicaTics</title>
   </item>
  </organization>
 </organizations>
 <resources>
  <resource identifier="RES_JClic-7291F6" type="webcontent" href="/index.html" adlcp:scormtype="sco"> 
   <file href="autobus.png"/>
   <file href="avion.png"/>
   <file href="barco.png"/>
   <file href="coche.png"/>
   <file href="comunicatics.jclic"/>
   <file href="comunicatics.jclic.js"/>
   <file href="favicon.ico"/>
   <file href="icon-192.png"/>
   <file href="icon-72.png"/>
   <file href="imsmanifest.xml"/>
   <file href="index.html"/>
   <file href="moto.png"/>
   <file href="nina.png"/>
   <file href="nina__1_.png"/>
   <file href="nino__1_.png"/>
   <file href="nino__2_.png"/>
   <file href="project-cover.jpg"/>
   <file href="project-thumb.jpg"/>
   <file href="project.json"/>
   <file href="tren.png"/>
  </resource>
 </resources>
</manifest>